row_index,y_true,XGBRegressor,RandomForestRegressor,MLPRegressor
606,152000,147069.2,143402.2,146902.97882563545
1210,189000,186196.0,194315.17,194915.36768994204
492,172785,160888.64,168349.18,181191.70882656175
410,60000,106133.3,126625.2,109267.6547300973
396,123000,134024.11,134075.3,121193.28295822444
1115,318000,348302.34,298579.85,306616.4783411535
1238,142500,165495.1,165305.17,153976.94484138474
1150,124000,109587.77,113036.9,113842.22453392032
1275,137000,144684.3,142479.3,123304.03943626155
71,129500,110414.15,118971.5,127719.3970924282
1394,246578,227161.33,210709.26,249507.10604651313
1358,177500,175011.27,168267.91,158061.9735315555
677,109500,112894.37,110656.09,112474.03245845699
1344,155835,167264.06,174992.12,193642.4650378781
351,190000,196318.23,202121.6,201866.45029679668
101,178000,184080.14,174587.62,182298.84340022123
1322,190000,222798.16,218515.63,221213.46688847884
643,152000,151413.81,161167.84,138501.6426343289
840,140000,128914.73,136474.79,146055.43565365887
1097,170000,175840.33,182353.75,141331.43342367632
820,183000,203735.58,197068.7,185628.40221018394
611,148000,150627.81,146527.0,139939.4192779214
1098,128000,83510.445,109617.5,124897.65995654557
141,260000,249097.4,260553.23,247054.8665450504
610,313000,353815.1,336799.9,337892.90795091755
809,106000,106855.875,126152.37,153326.28542645148
146,105000,114337.33,107355.92,111784.18721398663
111,180000,164385.58,169868.35,184109.7997948529
1121,212900,215824.03,223492.54,233870.42553641874
1294,115000,134131.98,128020.71,119963.56106597849
1293,162900,171980.55,171672.05,195790.30742961756
1138,196000,174229.44,178376.64,211885.04282062792
568,316600,310427.9,305969.93,277508.0878658517
1054,255000,272003.53,268034.79,258491.05051920682
252,173000,175117.95,173825.33,169904.37642291922
963,239000,304438.62,309925.29,261772.2773666212
1352,134900,117268.75,117829.68,112603.82411527686
504,147000,138009.92,132858.66,137781.18348076838
947,270000,283339.0,283984.27,311727.1127455754
800,200000,199461.47,198591.5,201252.77401917166
617,105500,117729.2,118540.3,101499.1250175864
971,173000,168098.94,175473.1,168581.16610953794
648,155000,161713.95,161864.83,157630.69796198665
488,160000,141747.11,165316.29,118723.8339550933
326,324000,265893.25,279543.14,292423.9906056096
506,215000,200000.16,219846.87,214730.26768029152
1306,202500,200519.25,189439.75,181965.71589800797
294,167000,148706.94,161226.0,179776.93322116658
324,242000,203261.03,248992.21,280340.1638625076
941,214000,235110.19,225922.43,257554.47807132313
720,275000,270178.06,263554.73,226727.02104454156
830,166000,163406.8,155548.5,182803.22896811413
1363,156932,173069.14,165193.53,166668.5838867838
948,192500,211850.73,211631.57,211688.28737444011
9,118000,126771.42,123648.89,142982.02773964216
464,124000,128813.31,126971.5,91619.60966883467
249,277000,270763.0,214059.18,322797.14069146954
467,146500,158188.55,162164.55,154048.26686874276
1315,206900,204088.0,198029.0,202555.1259387351
1082,192000,186974.42,195564.94,204609.5225432617
1053,144500,157859.0,160447.39,129353.3412812089
1342,228500,264939.84,257353.48,249267.28424960503
63,140000,158745.77,164895.75,145635.2646055082
1389,131000,128722.336,127132.61,114435.21361302934
17,90000,102988.04,109681.53,80415.99045418961
415,181134,194817.92,190327.6,184869.6262368249
905,128000,126396.29,126739.66,114960.41175901055
370,172400,177528.97,177935.9,186043.0578012
1085,147000,148599.22,142750.72,151190.36534940812
369,162000,169220.39,150633.18,158578.33418510723
684,221000,238755.0,221728.78,210262.0058712021
348,154000,181013.56,177223.7,188145.44303254987
259,97000,103843.38,108138.1,97099.51855566134
1192,125000,121700.984,136105.35,137273.45481432532
185,475000,328042.88,419391.03,344144.26669453486
118,320000,302379.8,318794.1,329823.15050271514
893,165000,149884.64,149557.25,131200.86026842595
562,108000,139876.1,120823.68,108518.21813993814
200,140000,153915.89,151058.56,134061.7338613999
210,98000,101019.93,106269.8,99654.10968132099
361,145000,133365.23,148500.22,104071.34769748512
664,423000,329247.44,339841.46,373903.3937676336
95,185000,182400.53,172899.43,174410.52435324393
378,394432,374847.84,374985.96,360667.5938584864
642,345000,312011.06,322919.84,321460.3521859411
43,130250,125348.77,127596.5,120227.07048246506
1314,119000,113386.33,117714.5,132166.44180618686
779,135000,138997.64,145161.4,147122.53299753883
825,385000,452268.25,431207.84,408219.9704371863
736,93500,95530.01,89706.22,86350.7174709823
1228,367294,340789.28,391574.51,372759.739659802
1391,124000,127554.74,135864.59,135318.16085570285
798,485000,508554.06,494388.54,455665.72149423975
1170,171000,139808.27,145093.21,57567.97637599467
960,116500,122170.65,119162.0,117599.26888970002
1454,185000,175474.67,179877.18,191422.99157606217
412,222000,240646.5,222611.1,262442.75136088004
445,127500,152337.64,162706.14,161560.46145382477
593,140000,142027.28,142320.93333333332,152566.22884333757
666,129000,222598.08,210309.0,189033.4331056184
206,143900,155124.86,152189.04,145033.04379780975
1077,138800,153710.56,149297.25,125148.87976796684
13,279500,208875.27,227808.1,246243.6667198161
1402,193879,180633.36,187565.68,200679.2490113154
713,129000,119464.84,123740.1,108818.9867371677
572,224500,219921.27,215684.68,203926.7550462274
1081,133000,123179.91,130093.0,133388.8747603622
34,277500,326654.84,301895.39,265350.65831442433
1111,205000,199407.48,198712.65,206906.39385219844
587,137000,135436.75,138704.9,135884.40542256774
98,83000,82842.25,93997.77,100420.12025215774
655,88000,84543.69,91512.58,103639.23352200844
1152,230000,222221.78,176530.74,195850.97280188114
340,202900,188783.33,227696.47,236290.44656292745
468,250000,253429.36,264988.19,266875.19555836415
1399,137450,154318.58,146743.4,145684.35056323832
786,139000,122480.1,147878.32,108510.27186891944
1022,87000,111313.39,114294.2,88098.51708205225
928,236500,245543.02,246696.98,241369.76242593455
1311,203000,193864.98,191785.45,210404.81825507147
1407,112000,112785.54,118224.5,117670.227132149
501,226700,213167.7,215725.58,212878.5453518842
1037,287000,246864.0,270674.1,269528.656808804
372,125000,139636.05,126935.09666666668,108478.41606374833
665,230500,283766.4,258017.81,242042.65256846388
350,318061,324612.53,315542.42,251756.62728887616
186,173000,179171.48,182218.4,158440.23069473542
58,438780,369849.62,385510.83,435342.74871994264
672,165000,164646.94,159830.61,175636.6895449084
1418,124000,141301.22,144949.62,138374.42342947345
24,154000,135555.69,134409.18,147881.01318733805
110,136900,170101.08,154714.5,127155.35522529714
15,132000,135512.95,158709.48,115027.61731461826
394,109000,99561.695,107898.61,102806.79757490697
414,228000,255025.2,251094.74,239128.4389314834
1338,200000,230073.53,234701.15,222901.43306338124
474,251000,230882.42,243862.95,221108.37927442705
1247,169900,140803.64,145149.5,148994.09554509516
999,206000,186465.31,193182.37,209221.44896572566
1249,119000,129635.43,122824.0,135623.52441710947
669,137500,99896.0,105536.61,131075.19426906237
426,275000,223890.53,241143.61,265027.7087006266
99,128950,128631.3,125275.33,108478.31233239421
718,341000,304621.25,311000.43,332465.98034834396
46,239686,289549.75,274518.33,276183.1383278469
389,426000,436560.88,374129.85,381440.80001002783
264,73000,101784.5,104692.31,73422.90951277011
409,339750,282503.9,285571.84,303908.66448097833
1395,281213,301776.22,296471.95,300659.7200531409
912,88000,116801.15,114192.8,139639.178729475
1263,180500,164036.14,157023.32,153777.90652044673
906,255000,256904.03,265671.78,285729.4372100049
207,141000,125000.38,139011.42,108436.49218990105
484,132500,128477.914,129128.21,128707.60002634903
113,217000,221355.25,186706.86,231262.5196622832
51,114500,123749.68,121621.8,88081.59159056423
1299,154000,158407.53,145649.5,177321.5052218059
172,239000,172845.97,190218.15,173356.09008364961
1316,295493,263623.38,266769.27,289964.1819816072
300,157000,143776.72,143937.6,143889.2593767502
707,254000,238638.05,228661.5,229585.4152456203
367,165000,157032.45,159129.5,112958.09422920147
540,315000,325162.84,345580.24,361721.2499386878
1240,224900,209753.34,204060.75,223267.23445513932
313,375000,232445.7,262888.1,386341.20007002517
595,319000,311639.66,305662.89,332721.41117508593
179,100000,120310.44,120507.45,105116.90923753529
630,124000,99957.414,125437.79,132300.41007489487
164,152000,142019.73,150873.35,138542.53529112838
1304,130000,142724.98,151434.6,166145.54943739125
1400,120000,114071.86,114718.84,133076.7397030373
1427,140000,147150.84,150805.08,126719.76860551341
1324,147000,289768.7,273916.2,285302.54253805423
558,175000,178780.92,182527.85,182758.1282007739
541,248000,273007.2,269798.18,266762.10276719293
20,325300,292382.25,317998.63,339117.44425094215
416,149500,160725.62,154502.47,140813.11586142183
1244,230000,173883.17,179837.6,174300.99864365504
548,125000,117562.78,128756.06,129591.83485258752
328,214500,140624.69,157031.7,198873.52738469906
228,125000,130604.17,123309.5,126082.12863876196
810,181000,162218.89,155621.19,101823.11646264893
1117,130000,142051.3,137027.0,141094.40798320834
770,134900,132453.47,138170.8,125292.91305009779
1021,194000,188612.45,192265.98,210877.82774885366
204,110000,119731.16,118614.08,114681.40107459755
1381,237500,237154.14,209690.98,231282.37116310094
903,240000,225384.83,238164.76,253676.41073798592
838,144000,154145.5,147199.74,122095.1730097463
746,236000,259180.22,238767.46,231096.715527112
985,125000,129544.445,130925.0,144113.3990476248
547,129500,131397.33,130166.57,124635.10854770953
1078,155900,133579.48,140517.47999999998,148227.06390223402
1457,266500,209958.33,252794.51,221234.1668484899
128,155000,144922.2,145470.49,114930.03330568233
799,175000,182568.7,155218.84,162015.3423344475
788,107900,113155.52,112427.35,103133.21906700429
325,87000,92707.41,107997.09,109189.60833105133
451,280000,175214.88,209947.15,237827.00760217966
760,127500,140318.08,129112.5,119719.13850367708
1267,378500,464547.06,398995.65,324256.1259866236
603,151000,150876.08,154904.15,177173.19427682436
765,264132,331070.16,307209.45,243947.6199278293
262,151000,168681.97,144984.42,147711.86698329195
1195,176000,147517.12,166454.21,175625.54866060772
1320,156500,148500.22,153170.96,173062.4514232155
956,124000,130347.38,134332.43,115718.06321352045
1379,167500,136268.14,142199.47,150858.0283840007
489,86000,96801.82,95831.11,121500.2658477313
151,372402,352763.7,308848.37,320541.6951388736
27,306000,340403.34,300524.03,302005.00200520345
902,180000,174821.73,176308.6,192490.76480531011
275,205000,185917.77,187386.61,157400.2200829222
687,148800,150812.66,154746.49333333335,156819.43756122474
1309,179200,162927.1,171439.5,175475.7005898776
1229,127000,144123.11,149209.98,110634.97215528574
712,189000,191491.94,198924.91,186357.16543086118
108,115000,123242.33,135480.86,107522.37943914064
1034,119750,109349.164,113315.85,120047.47648231649
263,130000,130035.15,126049.98,112082.53606039981
789,187500,215965.89,199752.74,218981.18773039783
383,76000,102166.04,102431.0,89214.15051734736
1233,142000,141624.98,149581.25,148132.44971326744
344,85000,101324.805,102262.55,92175.09552984765
637,93000,101025.6,114354.53,119162.60659187444
241,110500,103711.42,102166.04,123229.06340539063
1343,177000,161817.81,160042.87,159197.8928821863
503,289000,269104.38,261117.92,251947.62732136206
892,154500,134407.52,137574.25,168610.66779401922
1231,132500,142842.9,141465.0,138822.4807785303
392,106500,94099.07,105328.09,127957.10096540312
1041,173000,170870.6,172089.66,179849.4196739155
1126,174000,230244.45,208058.6,223475.24594504118
697,123500,131362.62,122723.43,143186.5830805815
1416,122500,119777.15,126695.93,143039.40223257893
308,82500,113873.72,107563.32,88098.75152706701
127,87000,90930.75,98430.38,118015.88271114344
473,440000,361712.3,344893.17,339670.0577040758
1025,112500,127044.805,126511.3,112969.90845340014
1432,64500,128939.67,107775.37,102387.26848342459
285,164700,164455.27,158836.46,170923.67473379918
1411,140000,143530.61,146808.34,152159.63381195086
651,108000,129330.84,131712.51,106120.95021346421
598,217500,168545.47,177468.68,196451.86992178217
4,250000,290605.66,297672.49,291289.2905764892
170,128500,139964.11,140419.71,126242.93914336874
60,158000,179973.05,167221.87,182459.38068514547
921,145900,186001.19,183762.14,120247.63980295025
961,272000,263812.6,230195.24,287569.97921132494
946,143000,140104.45,137362.59,139103.73000963975
918,238000,262630.7,258356.93,261001.21771964105
752,217000,193316.94,191202.5,195624.9626300292
189,286000,244981.95,242028.68,270443.49796097784
330,119000,139861.44,140205.02,134218.31707060593
1015,227000,203963.8,210201.86,208555.1483616574
1212,113000,65382.883,79107.33,97623.25158558885
1279,68400,76740.1,99347.36,71149.38446910845
1405,275000,256375.55,249584.24,272893.5617836919
705,55000,80268.08,75156.5,103530.6450508211
1027,293077,338829.0,304702.73,322148.795393243
1377,117000,143080.75,156211.14,97233.3735226843
755,172500,158687.9,160271.62,175132.17595642095
1061,81000,105512.336,105525.41,97829.63028635146
700,312500,317050.38,311964.15,323270.14968835405
354,140000,146154.27,149835.39,129392.97317187059
1459,147500,153920.55,152406.0,139161.5515598846
430,85400,96033.12,100705.0,92046.40361384797
213,156000,152816.52,142675.3,128258.14304695991
450,110000,120624.86,113206.17,119016.96232929008
284,179200,182382.62,170671.67,158418.42989865915
454,188000,137080.72,153861.58,145120.4147442502
717,157000,160447.92,158513.83,171379.61238067108
199,274900,295628.88,284352.43,321090.8209066786
699,196000,185168.42,193654.9,180046.9005732498
698,138500,137199.34,130948.5,126210.41238711064
691,755000,536078.3,500979.3,507531.7256111852
1415,175900,245637.28,225486.35,262560.5492498556
216,210000,199161.4,204416.82,229920.0259958885
602,220000,221652.62,233161.59,243944.02436146123
253,158000,159563.03,159992.65,141831.37887883844
152,190000,215602.61,193847.38,185706.4199017879
194,127000,118240.54,118273.5,123358.7879355298
816,137000,131045.81,129295.37,122446.40195384203
68,80000,86924.05,87130.61,90939.70536280904
511,202665,188086.56,191303.6,182342.09740018315
673,257500,268662.72,208104.64,232310.42944842472
1172,171900,152703.94,162986.89,178895.835001066
346,151500,137093.02,135957.0,610102.4041404402
1214,134500,130661.305,131833.0,117387.0340061431
783,165500,153552.72,148148.69,153921.4028605845
740,132000,117667.19,132631.97,119610.83297183052
240,262500,350255.47,271339.37,251888.95397487516
1087,252000,259590.78,263260.46,283358.7378328608
187,135000,150833.25,137747.2,121905.70619055847
671,103600,125450.81,121623.29,87492.27089580699
652,191000,197974.14,194976.42,197344.51180419227
1266,122000,151870.88,188848.0,116692.56430716004
1424,144000,149582.44,146740.08,124460.50336695171
1131,93500,125364.15,122722.25,107631.0997993405
283,244600,254855.05,247199.24,247869.9207530981
848,240000,246583.06,196091.32,303760.54195966735
1074,194000,188281.77,199513.38,200951.769601577
1149,143000,155798.53,165536.95,189743.7469515034
1094,129000,124818.48,122368.5,114270.56057690908
109,190000,201032.64,194343.98,200151.93176403426
1269,144000,142972.2,151112.04,109543.08134949603
122,136000,129034.31,140117.88,138323.6403653106
860,189950,155558.56,159133.7,161506.82998406002
280,228500,208541.61,214054.99,212916.29008358295
888,268000,290336.16,290800.72,263615.90780836594
837,100000,91499.836,97222.5,88791.8482764787
1230,190000,192043.84,203157.2,314451.20250373567
728,110000,132582.34,138635.64,132858.50223451527
907,250000,214600.97,222921.5,206631.50258652354
556,141000,163624.52,144492.75,123594.64990637903
1051,200141,188293.33,190305.4,196794.45796552385
660,197900,214285.53,211793.74,220836.7965920771
817,271000,278885.44,281313.83,315114.11223861674
1095,176432,173773.19,179948.3,172479.91061107308
67,226000,204286.67,210130.3,223998.02299732895
739,190000,200014.88,203586.91,206091.93118544042
1435,174000,188138.3,174040.9,205649.92940323768
758,179400,174238.56,172270.05,166957.57158621313
742,179000,186787.55,186569.1,189427.58956070268
447,199900,218018.34,219248.95,226515.14962349844
782,187100,198483.47,206924.0,187518.9655185861
318,260000,296184.3,300989.96,307158.1807446678
498,130000,123051.44,125341.75,124358.49137123663
1189,189000,188932.52,196830.02,203730.91398791457
585,369900,328471.3,327939.37,359154.49247859267
1360,189000,133908.56,160162.75,239179.1635264117
132,150750,137569.5,143349.05,138908.4109084953
658,97500,152499.08,144234.74,111882.78491566691
397,169500,145215.84,164632.55,125978.0867766418
363,118000,110046.195,101352.83,118270.38252949697
1049,84900,119289.414,100066.45,106141.45238393007
1404,105000,97979.11,102001.79,72928.71757015602
885,328900,305154.88,304621.13,249952.28837061377
125,84500,113081.48,100800.54,120036.02325655843
407,177000,159473.97,147552.62,149070.61232188443
1063,110500,141780.92,125623.65,113881.77591850937
683,285000,320255.97,323424.48,313266.80986301287
1013,85000,107851.19,113691.77,89660.92646382345
431,79900,115117.61,112539.88,109895.60394656821
289,153575,127945.86,133070.86,118149.31864389524
1047,145000,139277.3,135179.2,124403.01204901094
802,189000,173526.02,179430.32,207113.8221645325
1246,186500,192686.64,195929.65,185911.99794437876
53,385000,346140.88,376812.56,373498.4276639442
452,204000,208898.39,203930.0,190065.80629033817
565,128000,98633.375,122935.19,105258.63989439633
756,212000,225772.94,224198.3,225443.0394274647
769,538000,368494.3,399812.93,449103.9916917661
40,160000,160520.72,161095.0,148266.29929520542
339,155000,154760.75,150704.59,154238.2667827435
862,152000,155584.38,145233.4,129454.82471992043
1453,84500,154706.03,149196.25,121750.57897047285
1090,92900,88440.07,89524.91,87406.99823407292
835,128000,125148.52,124984.45,105697.92734111362
83,126500,132842.25,132847.68,117186.57076796214
115,176000,166170.67,160308.83,182855.4712702481
1125,115000,122225.09,118129.93,108878.78126329667
1452,145000,140286.25,136281.93666666665,129884.11591396484
377,340000,297330.2,294526.44,293099.2335836052
943,143000,146181.33,143614.39,136006.81482734284
895,140000,168353.66,167262.14,147127.28378070175
270,266000,265098.6,264665.64,269613.5928960339
876,132250,129640.28,133513.03,138442.97964985087
1217,229456,254120.64,256281.2,227073.97818769258
1182,745000,207455.39,447497.05,280291.4268045609
777,142500,144922.23,141927.9,132126.87012723886
507,208300,192324.14,176569.4,161874.99246069096
96,214000,215129.12,229394.92,201175.2118193985
922,169990,168829.88,178260.34,183966.1643580565
1330,227000,257267.66,260404.06,271265.3643029543
531,128000,133364.9,118838.38,130108.65797142507
48,113000,105937.8,124380.98,135817.6114812129
734,108000,120764.82,118614.1,100613.10663740811
1086,83500,91035.07,91705.72,107392.39713701051
153,235000,165472.4,161426.5,193668.4398327495
237,194500,184814.47,201363.05,219948.04571334913
54,130000,125303.84,125928.43,108642.90743923823
123,153900,160275.44,162315.3,139438.9453561686
462,62383,125065.61,120920.6,126515.95893038157
134,180000,172219.98,171911.38,206746.85246055393
268,120500,113420.85,117609.93,108462.26028372598
385,192000,203451.81,192930.6,203481.64393746018
97,94750,117889.33,121031.67,112852.20695768399
220,204900,202255.64,216871.68,196400.89865281718
41,170000,147718.11,150836.0,170568.60113789822
954,127500,129591.05,127104.5,271918.43578694353
471,190000,189981.1,211574.7,224421.91603160085
1002,232000,245362.52,251237.44,254571.8551499237
887,135500,145102.7,133693.35,153093.18439129204
1042,196000,184885.33,174738.09,205777.55516546738
571,120000,121540.96,121511.8,110463.8323693648
12,144000,135181.23,128979.5,116903.95275441736
500,113000,100704.79,114312.0,99567.04425216568
1017,187500,204191.02,231051.23,184221.95557305496
1439,197000,179598.17,181789.58,187090.21907267938
748,260400,224078.78,235906.1,252857.85405897527
1392,123000,130479.76,129441.43,115631.21069137365
738,179000,140780.98,154398.6,143103.1180685757
1268,381000,347287.94,357554.19,380209.4307587915
869,236000,245611.8,236263.46,235408.80613442417
1288,278000,267514.75,252666.99,226336.14645332505
1281,180000,180786.5,190829.72,219123.2070926649
1335,167900,147781.19,162080.0,165590.3088119208
581,253293,375583.2,349206.44,333740.14334614505
1292,107500,127748.7,139843.59,136177.41969963763
791,146800,142326.22,147399.0,132269.40062410422
1264,181000,167888.0,174572.0,159821.2658062738
597,194201,178027.42,189437.71,236141.48661608913
463,188700,172420.7,157079.55,150672.35621868016
336,377426,347628.56,347888.33,339878.5260998567
232,94500,90415.08,96659.5,78351.0908856561
1084,187500,184104.34,175705.35,162420.70891029696
974,167500,163550.25,206239.47,152417.97698252613
650,205950,207749.73,195091.2,203719.62238276968
702,361919,321275.22,311355.65,326586.2991008242
297,239000,241312.17,218179.9,277486.60739289515
813,157900,153576.03,152698.34,149984.63040644585
1198,178000,173766.56,181761.35,175189.27329129848
649,84500,76030.16,78758.85,118877.79355992995
205,180500,195744.03,188871.15,221759.53219012712
478,297000,338753.88,298121.04,315859.4714210741
432,122500,129043.414,133012.98,99604.07565532334
668,168000,175165.38,174840.5,175469.94463122057
936,184900,186805.89,193742.95,191842.7354587891
1393,163000,171662.05,155215.95,124492.651470741
1223,137900,132906.94,169516.83,181455.89344721747
1357,149900,150135.89,149093.49,164301.19298570877
1143,80000,109799.34,109620.5,96293.06411917308
704,213000,197391.14,207770.27,235374.18837282492
513,134000,146559.4,145749.37,137775.80327833048
674,140000,147536.97,149043.09,137325.38467366857
1449,92000,103357.97,101061.54,118084.73164593609
1282,150500,151646.52,144933.6,141418.26109809647
